action_id,owner_section,text,trigger_keywords
A-RECOVERY,身体,给高强度工作设置固定恢复窗口；重要任务前优先保证睡眠、进食和身体状态，而不是靠意志硬顶。,熬夜;恢复;睡眠;身体状态;强行顶
A-ASSET,事业,每完成一个项目，至少沉淀一个可重复使用的资产：模板、方法论、知识库、案例、流程或产品组件。,沉淀;知识库;方法论;资产;作品库;模板
A-FOCUS,事业,限制同时推进的方向数量；先完成并形成可复用成果，再开启下一轮重构。,方向过多;反复重做;重构;项目过多
A-CONTRACT,钱,项目开始前用书面文件确认价格、工作范围、付款节点、修改次数、追加需求和分成规则。,报价;合同;付款;修改次数;追加需求;分成;回款
A-CASHFLOW,钱,把收入、日常支出、长期储备和项目投入分开记录，避免把“未来可能兑现的机会”当作已经获得的现金。,现金流;支出;预算;机会兑现
A-PARTNER,爱情/关系,关系推进以持续行为为准：观察承诺兑现、冲突协商、责任分担和时间投入，不以一时表达替代长期证据。,承诺;兑现;冲突;责任分担;伴侣
A-SOCIAL,朋友/社群/同行,把社群当信息入口而不是可信度认证器；重要机会必须二次核验资源、权限、收益和兑现条件。,社群;信息;引荐;机会;核验
A-TEAM,兄弟姐妹/同辈/团队,团队协作先明确谁负责、谁拍板、谁交付；帮助别人前先确认责任边界，避免支持变成长期代偿。,团队;分工;责任;人情
A-AUTHORITY,父母/亲人/长辈,对长辈、上级和机构的意见拆成“资源、规则、评价”三类分别处理，不把评价自动当成事实。,父母;上级;机构;评价;规则
A-OUTPUT,晚辈/学生/下属/粉丝/受众,把反馈分为结果型、信息型和情绪型；只让前两类进入下一轮修改，避免情绪反馈吞掉生产时间。,反馈;受众;评论;表达;修改;误解
