star_id,default_operator,modern_functions,source_basis,evidence_type
左辅,support,协作;辅佐;组织资源;执行支持,主项目资料+全书,T+M
右弼,support,协作;辅佐;机动支持;执行支持,主项目资料+全书,T+M
文昌,support,文书;学习;文字表达;规范化输出,主项目资料+全书,T+M
文曲,support,才艺;口才;表达;符号加工,主项目资料+全书,T+M
天魁,support,机会渠道;外部帮助;资格/提携资源,主项目资料+全书,T+M
天钺,support,机会渠道;外部帮助;关系支持,主项目资料+全书,T+M
禄存,support,稳定资源;持有;积累;存量,主项目资料+全书,T+M
擎羊,disruption,切割;直接竞争;硬冲突;高强度摩擦,主项目资料+全书,T+M
陀罗,disruption,拖延;纠缠;慢性摩擦;反复成本,主项目资料+全书,T+M
火星,amplification,突发;加速;高强度放大;波动,主项目资料+全书,T+M
铃星,amplification,持续张力;高刺激;强化;波动,主项目资料+全书,T+M
天空,decoupling,落空;不连续;期待与兑现脱节,主项目资料,T+M
地劫,decoupling,资源损耗;断裂;成果被削弱;去耦,主项目资料,T+M
