table_id,star_id,branch,state,source_id,notes
QUANSHU_MAIN_14_V1,紫微,子,平,SRC-WS-QUANSHU-001,14主星十二地支完整表；以《紫微斗数全书》Wikisource表格/条目交叉整理。
QUANSHU_MAIN_14_V1,紫微,丑,庙,SRC-WS-QUANSHU-001,14主星十二地支完整表；以《紫微斗数全书》Wikisource表格/条目交叉整理。
QUANSHU_MAIN_14_V1,紫微,寅,旺,SRC-WS-QUANSHU-001,14主星十二地支完整表；以《紫微斗数全书》Wikisource表格/条目交叉整理。
QUANSHU_MAIN_14_V1,紫微,卯,旺,SRC-WS-QUANSHU-001,14主星十二地支完整表；以《紫微斗数全书》Wikisource表格/条目交叉整理。
QUANSHU_MAIN_14_V1,紫微,辰,得地,SRC-WS-QUANSHU-001,14主星十二地支完整表；以《紫微斗数全书》Wikisource表格/条目交叉整理。
QUANSHU_MAIN_14_V1,紫微,巳,旺,SRC-WS-QUANSHU-001,14主星十二地支完整表；以《紫微斗数全书》Wikisource表格/条目交叉整理。
QUANSHU_MAIN_14_V1,紫微,午,庙,SRC-WS-QUANSHU-001,14主星十二地支完整表；以《紫微斗数全书》Wikisource表格/条目交叉整理。
QUANSHU_MAIN_14_V1,紫微,未,庙,SRC-WS-QUANSHU-001,14主星十二地支完整表；以《紫微斗数全书》Wikisource表格/条目交叉整理。
QUANSHU_MAIN_14_V1,紫微,申,旺,SRC-WS-QUANSHU-001,14主星十二地支完整表；以《紫微斗数全书》Wikisource表格/条目交叉整理。
QUANSHU_MAIN_14_V1,紫微,酉,旺,SRC-WS-QUANSHU-001,14主星十二地支完整表；以《紫微斗数全书》Wikisource表格/条目交叉整理。
QUANSHU_MAIN_14_V1,紫微,戌,得地,SRC-WS-QUANSHU-001,14主星十二地支完整表；以《紫微斗数全书》Wikisource表格/条目交叉整理。
QUANSHU_MAIN_14_V1,紫微,亥,旺,SRC-WS-QUANSHU-001,14主星十二地支完整表；以《紫微斗数全书》Wikisource表格/条目交叉整理。
QUANSHU_MAIN_14_V1,天机,子,庙,SRC-WS-QUANSHU-001,14主星十二地支完整表；以《紫微斗数全书》Wikisource表格/条目交叉整理。
QUANSHU_MAIN_14_V1,天机,丑,陷,SRC-WS-QUANSHU-001,14主星十二地支完整表；以《紫微斗数全书》Wikisource表格/条目交叉整理。
QUANSHU_MAIN_14_V1,天机,寅,得地,SRC-WS-QUANSHU-001,14主星十二地支完整表；以《紫微斗数全书》Wikisource表格/条目交叉整理。
QUANSHU_MAIN_14_V1,天机,卯,旺,SRC-WS-QUANSHU-001,14主星十二地支完整表；以《紫微斗数全书》Wikisource表格/条目交叉整理。
QUANSHU_MAIN_14_V1,天机,辰,利,SRC-WS-QUANSHU-001,14主星十二地支完整表；以《紫微斗数全书》Wikisource表格/条目交叉整理。
QUANSHU_MAIN_14_V1,天机,巳,平,SRC-WS-QUANSHU-001,14主星十二地支完整表；以《紫微斗数全书》Wikisource表格/条目交叉整理。
QUANSHU_MAIN_14_V1,天机,午,庙,SRC-WS-QUANSHU-001,14主星十二地支完整表；以《紫微斗数全书》Wikisource表格/条目交叉整理。
QUANSHU_MAIN_14_V1,天机,未,陷,SRC-WS-QUANSHU-001,14主星十二地支完整表；以《紫微斗数全书》Wikisource表格/条目交叉整理。
QUANSHU_MAIN_14_V1,天机,申,得地,SRC-WS-QUANSHU-001,14主星十二地支完整表；以《紫微斗数全书》Wikisource表格/条目交叉整理。
QUANSHU_MAIN_14_V1,天机,酉,旺,SRC-WS-QUANSHU-001,14主星十二地支完整表；以《紫微斗数全书》Wikisource表格/条目交叉整理。
QUANSHU_MAIN_14_V1,天机,戌,利,SRC-WS-QUANSHU-001,14主星十二地支完整表；以《紫微斗数全书》Wikisource表格/条目交叉整理。
QUANSHU_MAIN_14_V1,天机,亥,平,SRC-WS-QUANSHU-001,14主星十二地支完整表；以《紫微斗数全书》Wikisource表格/条目交叉整理。
QUANSHU_MAIN_14_V1,太阳,子,陷,SRC-WS-QUANSHU-001,14主星十二地支完整表；以《紫微斗数全书》Wikisource表格/条目交叉整理。
QUANSHU_MAIN_14_V1,太阳,丑,不得地,SRC-WS-QUANSHU-001,14主星十二地支完整表；以《紫微斗数全书》Wikisource表格/条目交叉整理。
QUANSHU_MAIN_14_V1,太阳,寅,旺,SRC-WS-QUANSHU-001,14主星十二地支完整表；以《紫微斗数全书》Wikisource表格/条目交叉整理。
QUANSHU_MAIN_14_V1,太阳,卯,庙,SRC-WS-QUANSHU-001,14主星十二地支完整表；以《紫微斗数全书》Wikisource表格/条目交叉整理。
QUANSHU_MAIN_14_V1,太阳,辰,旺,SRC-WS-QUANSHU-001,14主星十二地支完整表；以《紫微斗数全书》Wikisource表格/条目交叉整理。
QUANSHU_MAIN_14_V1,太阳,巳,旺,SRC-WS-QUANSHU-001,14主星十二地支完整表；以《紫微斗数全书》Wikisource表格/条目交叉整理。
QUANSHU_MAIN_14_V1,太阳,午,旺,SRC-WS-QUANSHU-001,14主星十二地支完整表；以《紫微斗数全书》Wikisource表格/条目交叉整理。
QUANSHU_MAIN_14_V1,太阳,未,得地,SRC-WS-QUANSHU-001,14主星十二地支完整表；以《紫微斗数全书》Wikisource表格/条目交叉整理。
QUANSHU_MAIN_14_V1,太阳,申,得地,SRC-WS-QUANSHU-001,14主星十二地支完整表；以《紫微斗数全书》Wikisource表格/条目交叉整理。
QUANSHU_MAIN_14_V1,太阳,酉,平,SRC-WS-QUANSHU-001,14主星十二地支完整表；以《紫微斗数全书》Wikisource表格/条目交叉整理。
QUANSHU_MAIN_14_V1,太阳,戌,不得地,SRC-WS-QUANSHU-001,14主星十二地支完整表；以《紫微斗数全书》Wikisource表格/条目交叉整理。
QUANSHU_MAIN_14_V1,太阳,亥,陷,SRC-WS-QUANSHU-001,14主星十二地支完整表；以《紫微斗数全书》Wikisource表格/条目交叉整理。
QUANSHU_MAIN_14_V1,武曲,子,旺,SRC-WS-QUANSHU-001,14主星十二地支完整表；以《紫微斗数全书》Wikisource表格/条目交叉整理。
QUANSHU_MAIN_14_V1,武曲,丑,庙,SRC-WS-QUANSHU-001,14主星十二地支完整表；以《紫微斗数全书》Wikisource表格/条目交叉整理。
QUANSHU_MAIN_14_V1,武曲,寅,得地,SRC-WS-QUANSHU-001,14主星十二地支完整表；以《紫微斗数全书》Wikisource表格/条目交叉整理。
QUANSHU_MAIN_14_V1,武曲,卯,利,SRC-WS-QUANSHU-001,14主星十二地支完整表；以《紫微斗数全书》Wikisource表格/条目交叉整理。
QUANSHU_MAIN_14_V1,武曲,辰,庙,SRC-WS-QUANSHU-001,14主星十二地支完整表；以《紫微斗数全书》Wikisource表格/条目交叉整理。
QUANSHU_MAIN_14_V1,武曲,巳,平,SRC-WS-QUANSHU-001,14主星十二地支完整表；以《紫微斗数全书》Wikisource表格/条目交叉整理。
QUANSHU_MAIN_14_V1,武曲,午,旺,SRC-WS-QUANSHU-001,14主星十二地支完整表；以《紫微斗数全书》Wikisource表格/条目交叉整理。
QUANSHU_MAIN_14_V1,武曲,未,庙,SRC-WS-QUANSHU-001,14主星十二地支完整表；以《紫微斗数全书》Wikisource表格/条目交叉整理。
QUANSHU_MAIN_14_V1,武曲,申,得地,SRC-WS-QUANSHU-001,14主星十二地支完整表；以《紫微斗数全书》Wikisource表格/条目交叉整理。
QUANSHU_MAIN_14_V1,武曲,酉,利,SRC-WS-QUANSHU-001,14主星十二地支完整表；以《紫微斗数全书》Wikisource表格/条目交叉整理。
QUANSHU_MAIN_14_V1,武曲,戌,庙,SRC-WS-QUANSHU-001,14主星十二地支完整表；以《紫微斗数全书》Wikisource表格/条目交叉整理。
QUANSHU_MAIN_14_V1,武曲,亥,平,SRC-WS-QUANSHU-001,14主星十二地支完整表；以《紫微斗数全书》Wikisource表格/条目交叉整理。
QUANSHU_MAIN_14_V1,天同,子,旺,SRC-WS-QUANSHU-001,14主星十二地支完整表；以《紫微斗数全书》Wikisource表格/条目交叉整理。
QUANSHU_MAIN_14_V1,天同,丑,不得地,SRC-WS-QUANSHU-001,14主星十二地支完整表；以《紫微斗数全书》Wikisource表格/条目交叉整理。
QUANSHU_MAIN_14_V1,天同,寅,利,SRC-WS-QUANSHU-001,14主星十二地支完整表；以《紫微斗数全书》Wikisource表格/条目交叉整理。
QUANSHU_MAIN_14_V1,天同,卯,平,SRC-WS-QUANSHU-001,14主星十二地支完整表；以《紫微斗数全书》Wikisource表格/条目交叉整理。
QUANSHU_MAIN_14_V1,天同,辰,平,SRC-WS-QUANSHU-001,14主星十二地支完整表；以《紫微斗数全书》Wikisource表格/条目交叉整理。
QUANSHU_MAIN_14_V1,天同,巳,庙,SRC-WS-QUANSHU-001,14主星十二地支完整表；以《紫微斗数全书》Wikisource表格/条目交叉整理。
QUANSHU_MAIN_14_V1,天同,午,陷,SRC-WS-QUANSHU-001,14主星十二地支完整表；以《紫微斗数全书》Wikisource表格/条目交叉整理。
QUANSHU_MAIN_14_V1,天同,未,不得地,SRC-WS-QUANSHU-001,14主星十二地支完整表；以《紫微斗数全书》Wikisource表格/条目交叉整理。
QUANSHU_MAIN_14_V1,天同,申,旺,SRC-WS-QUANSHU-001,14主星十二地支完整表；以《紫微斗数全书》Wikisource表格/条目交叉整理。
QUANSHU_MAIN_14_V1,天同,酉,平,SRC-WS-QUANSHU-001,14主星十二地支完整表；以《紫微斗数全书》Wikisource表格/条目交叉整理。
QUANSHU_MAIN_14_V1,天同,戌,平,SRC-WS-QUANSHU-001,14主星十二地支完整表；以《紫微斗数全书》Wikisource表格/条目交叉整理。
QUANSHU_MAIN_14_V1,天同,亥,庙,SRC-WS-QUANSHU-001,14主星十二地支完整表；以《紫微斗数全书》Wikisource表格/条目交叉整理。
QUANSHU_MAIN_14_V1,廉贞,子,平,SRC-WS-QUANSHU-001,14主星十二地支完整表；以《紫微斗数全书》Wikisource表格/条目交叉整理。
QUANSHU_MAIN_14_V1,廉贞,丑,利,SRC-WS-QUANSHU-001,14主星十二地支完整表；以《紫微斗数全书》Wikisource表格/条目交叉整理。
QUANSHU_MAIN_14_V1,廉贞,寅,庙,SRC-WS-QUANSHU-001,14主星十二地支完整表；以《紫微斗数全书》Wikisource表格/条目交叉整理。
QUANSHU_MAIN_14_V1,廉贞,卯,平,SRC-WS-QUANSHU-001,14主星十二地支完整表；以《紫微斗数全书》Wikisource表格/条目交叉整理。
QUANSHU_MAIN_14_V1,廉贞,辰,利,SRC-WS-QUANSHU-001,14主星十二地支完整表；以《紫微斗数全书》Wikisource表格/条目交叉整理。
QUANSHU_MAIN_14_V1,廉贞,巳,陷,SRC-WS-QUANSHU-001,14主星十二地支完整表；以《紫微斗数全书》Wikisource表格/条目交叉整理。
QUANSHU_MAIN_14_V1,廉贞,午,平,SRC-WS-QUANSHU-001,14主星十二地支完整表；以《紫微斗数全书》Wikisource表格/条目交叉整理。
QUANSHU_MAIN_14_V1,廉贞,未,利,SRC-WS-QUANSHU-001,14主星十二地支完整表；以《紫微斗数全书》Wikisource表格/条目交叉整理。
QUANSHU_MAIN_14_V1,廉贞,申,庙,SRC-WS-QUANSHU-001,14主星十二地支完整表；以《紫微斗数全书》Wikisource表格/条目交叉整理。
QUANSHU_MAIN_14_V1,廉贞,酉,平,SRC-WS-QUANSHU-001,14主星十二地支完整表；以《紫微斗数全书》Wikisource表格/条目交叉整理。
QUANSHU_MAIN_14_V1,廉贞,戌,利,SRC-WS-QUANSHU-001,14主星十二地支完整表；以《紫微斗数全书》Wikisource表格/条目交叉整理。
QUANSHU_MAIN_14_V1,廉贞,亥,陷,SRC-WS-QUANSHU-001,14主星十二地支完整表；以《紫微斗数全书》Wikisource表格/条目交叉整理。
QUANSHU_MAIN_14_V1,天府,子,庙,SRC-WS-QUANSHU-001,14主星十二地支完整表；以《紫微斗数全书》Wikisource表格/条目交叉整理。
QUANSHU_MAIN_14_V1,天府,丑,庙,SRC-WS-QUANSHU-001,14主星十二地支完整表；以《紫微斗数全书》Wikisource表格/条目交叉整理。
QUANSHU_MAIN_14_V1,天府,寅,庙,SRC-WS-QUANSHU-001,14主星十二地支完整表；以《紫微斗数全书》Wikisource表格/条目交叉整理。
QUANSHU_MAIN_14_V1,天府,卯,得地,SRC-WS-QUANSHU-001,14主星十二地支完整表；以《紫微斗数全书》Wikisource表格/条目交叉整理。
QUANSHU_MAIN_14_V1,天府,辰,庙,SRC-WS-QUANSHU-001,14主星十二地支完整表；以《紫微斗数全书》Wikisource表格/条目交叉整理。
QUANSHU_MAIN_14_V1,天府,巳,得地,SRC-WS-QUANSHU-001,14主星十二地支完整表；以《紫微斗数全书》Wikisource表格/条目交叉整理。
QUANSHU_MAIN_14_V1,天府,午,旺,SRC-WS-QUANSHU-001,14主星十二地支完整表；以《紫微斗数全书》Wikisource表格/条目交叉整理。
QUANSHU_MAIN_14_V1,天府,未,庙,SRC-WS-QUANSHU-001,14主星十二地支完整表；以《紫微斗数全书》Wikisource表格/条目交叉整理。
QUANSHU_MAIN_14_V1,天府,申,得地,SRC-WS-QUANSHU-001,14主星十二地支完整表；以《紫微斗数全书》Wikisource表格/条目交叉整理。
QUANSHU_MAIN_14_V1,天府,酉,旺,SRC-WS-QUANSHU-001,14主星十二地支完整表；以《紫微斗数全书》Wikisource表格/条目交叉整理。
QUANSHU_MAIN_14_V1,天府,戌,庙,SRC-WS-QUANSHU-001,14主星十二地支完整表；以《紫微斗数全书》Wikisource表格/条目交叉整理。
QUANSHU_MAIN_14_V1,天府,亥,得地,SRC-WS-QUANSHU-001,14主星十二地支完整表；以《紫微斗数全书》Wikisource表格/条目交叉整理。
QUANSHU_MAIN_14_V1,太阴,子,庙,SRC-WS-QUANSHU-001,14主星十二地支完整表；以《紫微斗数全书》Wikisource表格/条目交叉整理。
QUANSHU_MAIN_14_V1,太阴,丑,庙,SRC-WS-QUANSHU-001,14主星十二地支完整表；以《紫微斗数全书》Wikisource表格/条目交叉整理。
QUANSHU_MAIN_14_V1,太阴,寅,旺,SRC-WS-QUANSHU-001,14主星十二地支完整表；以《紫微斗数全书》Wikisource表格/条目交叉整理。
QUANSHU_MAIN_14_V1,太阴,卯,陷,SRC-WS-QUANSHU-001,14主星十二地支完整表；以《紫微斗数全书》Wikisource表格/条目交叉整理。
QUANSHU_MAIN_14_V1,太阴,辰,陷,SRC-WS-QUANSHU-001,14主星十二地支完整表；以《紫微斗数全书》Wikisource表格/条目交叉整理。
QUANSHU_MAIN_14_V1,太阴,巳,陷,SRC-WS-QUANSHU-001,14主星十二地支完整表；以《紫微斗数全书》Wikisource表格/条目交叉整理。
QUANSHU_MAIN_14_V1,太阴,午,不得地,SRC-WS-QUANSHU-001,14主星十二地支完整表；以《紫微斗数全书》Wikisource表格/条目交叉整理。
QUANSHU_MAIN_14_V1,太阴,未,不得地,SRC-WS-QUANSHU-001,14主星十二地支完整表；以《紫微斗数全书》Wikisource表格/条目交叉整理。
QUANSHU_MAIN_14_V1,太阴,申,利,SRC-WS-QUANSHU-001,14主星十二地支完整表；以《紫微斗数全书》Wikisource表格/条目交叉整理。
QUANSHU_MAIN_14_V1,太阴,酉,旺,SRC-WS-QUANSHU-001,14主星十二地支完整表；以《紫微斗数全书》Wikisource表格/条目交叉整理。
QUANSHU_MAIN_14_V1,太阴,戌,旺,SRC-WS-QUANSHU-001,14主星十二地支完整表；以《紫微斗数全书》Wikisource表格/条目交叉整理。
QUANSHU_MAIN_14_V1,太阴,亥,庙,SRC-WS-QUANSHU-001,14主星十二地支完整表；以《紫微斗数全书》Wikisource表格/条目交叉整理。
QUANSHU_MAIN_14_V1,贪狼,子,旺,SRC-WS-QUANSHU-001,14主星十二地支完整表；以《紫微斗数全书》Wikisource表格/条目交叉整理。
QUANSHU_MAIN_14_V1,贪狼,丑,庙,SRC-WS-QUANSHU-001,14主星十二地支完整表；以《紫微斗数全书》Wikisource表格/条目交叉整理。
QUANSHU_MAIN_14_V1,贪狼,寅,平,SRC-WS-QUANSHU-001,14主星十二地支完整表；以《紫微斗数全书》Wikisource表格/条目交叉整理。
QUANSHU_MAIN_14_V1,贪狼,卯,利,SRC-WS-QUANSHU-001,14主星十二地支完整表；以《紫微斗数全书》Wikisource表格/条目交叉整理。
QUANSHU_MAIN_14_V1,贪狼,辰,庙,SRC-WS-QUANSHU-001,14主星十二地支完整表；以《紫微斗数全书》Wikisource表格/条目交叉整理。
QUANSHU_MAIN_14_V1,贪狼,巳,陷,SRC-WS-QUANSHU-001,14主星十二地支完整表；以《紫微斗数全书》Wikisource表格/条目交叉整理。
QUANSHU_MAIN_14_V1,贪狼,午,旺,SRC-WS-QUANSHU-001,14主星十二地支完整表；以《紫微斗数全书》Wikisource表格/条目交叉整理。
QUANSHU_MAIN_14_V1,贪狼,未,庙,SRC-WS-QUANSHU-001,14主星十二地支完整表；以《紫微斗数全书》Wikisource表格/条目交叉整理。
QUANSHU_MAIN_14_V1,贪狼,申,平,SRC-WS-QUANSHU-001,14主星十二地支完整表；以《紫微斗数全书》Wikisource表格/条目交叉整理。
QUANSHU_MAIN_14_V1,贪狼,酉,利,SRC-WS-QUANSHU-001,14主星十二地支完整表；以《紫微斗数全书》Wikisource表格/条目交叉整理。
QUANSHU_MAIN_14_V1,贪狼,戌,庙,SRC-WS-QUANSHU-001,14主星十二地支完整表；以《紫微斗数全书》Wikisource表格/条目交叉整理。
QUANSHU_MAIN_14_V1,贪狼,亥,陷,SRC-WS-QUANSHU-001,14主星十二地支完整表；以《紫微斗数全书》Wikisource表格/条目交叉整理。
QUANSHU_MAIN_14_V1,巨门,子,旺,SRC-WS-QUANSHU-001,14主星十二地支完整表；以《紫微斗数全书》Wikisource表格/条目交叉整理。
QUANSHU_MAIN_14_V1,巨门,丑,不得地,SRC-WS-QUANSHU-001,14主星十二地支完整表；以《紫微斗数全书》Wikisource表格/条目交叉整理。
QUANSHU_MAIN_14_V1,巨门,寅,庙,SRC-WS-QUANSHU-001,14主星十二地支完整表；以《紫微斗数全书》Wikisource表格/条目交叉整理。
QUANSHU_MAIN_14_V1,巨门,卯,庙,SRC-WS-QUANSHU-001,14主星十二地支完整表；以《紫微斗数全书》Wikisource表格/条目交叉整理。
QUANSHU_MAIN_14_V1,巨门,辰,陷,SRC-WS-QUANSHU-001,14主星十二地支完整表；以《紫微斗数全书》Wikisource表格/条目交叉整理。
QUANSHU_MAIN_14_V1,巨门,巳,旺,SRC-WS-QUANSHU-001,14主星十二地支完整表；以《紫微斗数全书》Wikisource表格/条目交叉整理。
QUANSHU_MAIN_14_V1,巨门,午,旺,SRC-WS-QUANSHU-001,14主星十二地支完整表；以《紫微斗数全书》Wikisource表格/条目交叉整理。
QUANSHU_MAIN_14_V1,巨门,未,不得地,SRC-WS-QUANSHU-001,14主星十二地支完整表；以《紫微斗数全书》Wikisource表格/条目交叉整理。
QUANSHU_MAIN_14_V1,巨门,申,庙,SRC-WS-QUANSHU-001,14主星十二地支完整表；以《紫微斗数全书》Wikisource表格/条目交叉整理。
QUANSHU_MAIN_14_V1,巨门,酉,庙,SRC-WS-QUANSHU-001,14主星十二地支完整表；以《紫微斗数全书》Wikisource表格/条目交叉整理。
QUANSHU_MAIN_14_V1,巨门,戌,陷,SRC-WS-QUANSHU-001,14主星十二地支完整表；以《紫微斗数全书》Wikisource表格/条目交叉整理。
QUANSHU_MAIN_14_V1,巨门,亥,旺,SRC-WS-QUANSHU-001,14主星十二地支完整表；以《紫微斗数全书》Wikisource表格/条目交叉整理。
QUANSHU_MAIN_14_V1,天相,子,庙,SRC-WS-QUANSHU-001,14主星十二地支完整表；以《紫微斗数全书》Wikisource表格/条目交叉整理。
QUANSHU_MAIN_14_V1,天相,丑,庙,SRC-WS-QUANSHU-001,14主星十二地支完整表；以《紫微斗数全书》Wikisource表格/条目交叉整理。
QUANSHU_MAIN_14_V1,天相,寅,庙,SRC-WS-QUANSHU-001,14主星十二地支完整表；以《紫微斗数全书》Wikisource表格/条目交叉整理。
QUANSHU_MAIN_14_V1,天相,卯,陷,SRC-WS-QUANSHU-001,14主星十二地支完整表；以《紫微斗数全书》Wikisource表格/条目交叉整理。
QUANSHU_MAIN_14_V1,天相,辰,得地,SRC-WS-QUANSHU-001,14主星十二地支完整表；以《紫微斗数全书》Wikisource表格/条目交叉整理。
QUANSHU_MAIN_14_V1,天相,巳,得地,SRC-WS-QUANSHU-001,14主星十二地支完整表；以《紫微斗数全书》Wikisource表格/条目交叉整理。
QUANSHU_MAIN_14_V1,天相,午,庙,SRC-WS-QUANSHU-001,14主星十二地支完整表；以《紫微斗数全书》Wikisource表格/条目交叉整理。
QUANSHU_MAIN_14_V1,天相,未,得地,SRC-WS-QUANSHU-001,14主星十二地支完整表；以《紫微斗数全书》Wikisource表格/条目交叉整理。
QUANSHU_MAIN_14_V1,天相,申,庙,SRC-WS-QUANSHU-001,14主星十二地支完整表；以《紫微斗数全书》Wikisource表格/条目交叉整理。
QUANSHU_MAIN_14_V1,天相,酉,陷,SRC-WS-QUANSHU-001,14主星十二地支完整表；以《紫微斗数全书》Wikisource表格/条目交叉整理。
QUANSHU_MAIN_14_V1,天相,戌,得地,SRC-WS-QUANSHU-001,14主星十二地支完整表；以《紫微斗数全书》Wikisource表格/条目交叉整理。
QUANSHU_MAIN_14_V1,天相,亥,得地,SRC-WS-QUANSHU-001,14主星十二地支完整表；以《紫微斗数全书》Wikisource表格/条目交叉整理。
QUANSHU_MAIN_14_V1,天梁,子,庙,SRC-WS-QUANSHU-001,14主星十二地支完整表；以《紫微斗数全书》Wikisource表格/条目交叉整理。
QUANSHU_MAIN_14_V1,天梁,丑,旺,SRC-WS-QUANSHU-001,14主星十二地支完整表；以《紫微斗数全书》Wikisource表格/条目交叉整理。
QUANSHU_MAIN_14_V1,天梁,寅,庙,SRC-WS-QUANSHU-001,14主星十二地支完整表；以《紫微斗数全书》Wikisource表格/条目交叉整理。
QUANSHU_MAIN_14_V1,天梁,卯,庙,SRC-WS-QUANSHU-001,14主星十二地支完整表；以《紫微斗数全书》Wikisource表格/条目交叉整理。
QUANSHU_MAIN_14_V1,天梁,辰,庙,SRC-WS-QUANSHU-001,14主星十二地支完整表；以《紫微斗数全书》Wikisource表格/条目交叉整理。
QUANSHU_MAIN_14_V1,天梁,巳,陷,SRC-WS-QUANSHU-001,14主星十二地支完整表；以《紫微斗数全书》Wikisource表格/条目交叉整理。
QUANSHU_MAIN_14_V1,天梁,午,庙,SRC-WS-QUANSHU-001,14主星十二地支完整表；以《紫微斗数全书》Wikisource表格/条目交叉整理。
QUANSHU_MAIN_14_V1,天梁,未,旺,SRC-WS-QUANSHU-001,14主星十二地支完整表；以《紫微斗数全书》Wikisource表格/条目交叉整理。
QUANSHU_MAIN_14_V1,天梁,申,陷,SRC-WS-QUANSHU-001,14主星十二地支完整表；以《紫微斗数全书》Wikisource表格/条目交叉整理。
QUANSHU_MAIN_14_V1,天梁,酉,得地,SRC-WS-QUANSHU-001,14主星十二地支完整表；以《紫微斗数全书》Wikisource表格/条目交叉整理。
QUANSHU_MAIN_14_V1,天梁,戌,庙,SRC-WS-QUANSHU-001,14主星十二地支完整表；以《紫微斗数全书》Wikisource表格/条目交叉整理。
QUANSHU_MAIN_14_V1,天梁,亥,陷,SRC-WS-QUANSHU-001,14主星十二地支完整表；以《紫微斗数全书》Wikisource表格/条目交叉整理。
QUANSHU_MAIN_14_V1,七杀,子,旺,SRC-WS-QUANSHU-001,14主星十二地支完整表；以《紫微斗数全书》Wikisource表格/条目交叉整理。
QUANSHU_MAIN_14_V1,七杀,丑,庙,SRC-WS-QUANSHU-001,14主星十二地支完整表；以《紫微斗数全书》Wikisource表格/条目交叉整理。
QUANSHU_MAIN_14_V1,七杀,寅,庙,SRC-WS-QUANSHU-001,14主星十二地支完整表；以《紫微斗数全书》Wikisource表格/条目交叉整理。
QUANSHU_MAIN_14_V1,七杀,卯,旺,SRC-WS-QUANSHU-001,14主星十二地支完整表；以《紫微斗数全书》Wikisource表格/条目交叉整理。
QUANSHU_MAIN_14_V1,七杀,辰,庙,SRC-WS-QUANSHU-001,14主星十二地支完整表；以《紫微斗数全书》Wikisource表格/条目交叉整理。
QUANSHU_MAIN_14_V1,七杀,巳,平,SRC-WS-QUANSHU-001,14主星十二地支完整表；以《紫微斗数全书》Wikisource表格/条目交叉整理。
QUANSHU_MAIN_14_V1,七杀,午,旺,SRC-WS-QUANSHU-001,14主星十二地支完整表；以《紫微斗数全书》Wikisource表格/条目交叉整理。
QUANSHU_MAIN_14_V1,七杀,未,庙,SRC-WS-QUANSHU-001,14主星十二地支完整表；以《紫微斗数全书》Wikisource表格/条目交叉整理。
QUANSHU_MAIN_14_V1,七杀,申,庙,SRC-WS-QUANSHU-001,14主星十二地支完整表；以《紫微斗数全书》Wikisource表格/条目交叉整理。
QUANSHU_MAIN_14_V1,七杀,酉,旺,SRC-WS-QUANSHU-001,14主星十二地支完整表；以《紫微斗数全书》Wikisource表格/条目交叉整理。
QUANSHU_MAIN_14_V1,七杀,戌,庙,SRC-WS-QUANSHU-001,14主星十二地支完整表；以《紫微斗数全书》Wikisource表格/条目交叉整理。
QUANSHU_MAIN_14_V1,七杀,亥,平,SRC-WS-QUANSHU-001,14主星十二地支完整表；以《紫微斗数全书》Wikisource表格/条目交叉整理。
QUANSHU_MAIN_14_V1,破军,子,庙,SRC-WS-QUANSHU-001,14主星十二地支完整表；以《紫微斗数全书》Wikisource表格/条目交叉整理。
QUANSHU_MAIN_14_V1,破军,丑,旺,SRC-WS-QUANSHU-001,14主星十二地支完整表；以《紫微斗数全书》Wikisource表格/条目交叉整理。
QUANSHU_MAIN_14_V1,破军,寅,得地,SRC-WS-QUANSHU-001,14主星十二地支完整表；以《紫微斗数全书》Wikisource表格/条目交叉整理。
QUANSHU_MAIN_14_V1,破军,卯,陷,SRC-WS-QUANSHU-001,14主星十二地支完整表；以《紫微斗数全书》Wikisource表格/条目交叉整理。
QUANSHU_MAIN_14_V1,破军,辰,旺,SRC-WS-QUANSHU-001,14主星十二地支完整表；以《紫微斗数全书》Wikisource表格/条目交叉整理。
QUANSHU_MAIN_14_V1,破军,巳,平,SRC-WS-QUANSHU-001,14主星十二地支完整表；以《紫微斗数全书》Wikisource表格/条目交叉整理。
QUANSHU_MAIN_14_V1,破军,午,庙,SRC-WS-QUANSHU-001,14主星十二地支完整表；以《紫微斗数全书》Wikisource表格/条目交叉整理。
QUANSHU_MAIN_14_V1,破军,未,旺,SRC-WS-QUANSHU-001,14主星十二地支完整表；以《紫微斗数全书》Wikisource表格/条目交叉整理。
QUANSHU_MAIN_14_V1,破军,申,得地,SRC-WS-QUANSHU-001,14主星十二地支完整表；以《紫微斗数全书》Wikisource表格/条目交叉整理。
QUANSHU_MAIN_14_V1,破军,酉,陷,SRC-WS-QUANSHU-001,14主星十二地支完整表；以《紫微斗数全书》Wikisource表格/条目交叉整理。
QUANSHU_MAIN_14_V1,破军,戌,旺,SRC-WS-QUANSHU-001,14主星十二地支完整表；以《紫微斗数全书》Wikisource表格/条目交叉整理。
QUANSHU_MAIN_14_V1,破军,亥,平,SRC-WS-QUANSHU-001,14主星十二地支完整表；以《紫微斗数全书》Wikisource表格/条目交叉整理。
QUANSHU_AUX_P0_V1,文昌,子,得地,SRC-WS-QUANSHU-001,P0辅煞状态。
QUANSHU_AUX_P0_V1,文昌,丑,庙,SRC-WS-QUANSHU-001,P0辅煞状态。
QUANSHU_AUX_P0_V1,文昌,寅,陷,SRC-WS-QUANSHU-001,P0辅煞状态。
QUANSHU_AUX_P0_V1,文昌,卯,利,SRC-WS-QUANSHU-001,P0辅煞状态。
QUANSHU_AUX_P0_V1,文昌,辰,得地,SRC-WS-QUANSHU-001,P0辅煞状态。
QUANSHU_AUX_P0_V1,文昌,巳,庙,SRC-WS-QUANSHU-001,P0辅煞状态。
QUANSHU_AUX_P0_V1,文昌,午,陷,SRC-WS-QUANSHU-001,P0辅煞状态。
QUANSHU_AUX_P0_V1,文昌,未,利,SRC-WS-QUANSHU-001,P0辅煞状态。
QUANSHU_AUX_P0_V1,文昌,申,得地,SRC-WS-QUANSHU-001,P0辅煞状态。
QUANSHU_AUX_P0_V1,文昌,酉,庙,SRC-WS-QUANSHU-001,P0辅煞状态。
QUANSHU_AUX_P0_V1,文昌,戌,陷,SRC-WS-QUANSHU-001,P0辅煞状态。
QUANSHU_AUX_P0_V1,文昌,亥,利,SRC-WS-QUANSHU-001,P0辅煞状态。
QUANSHU_AUX_P0_V1,文曲,子,得地,SRC-WS-QUANSHU-001,P0辅煞状态。
QUANSHU_AUX_P0_V1,文曲,丑,庙,SRC-WS-QUANSHU-001,P0辅煞状态。
QUANSHU_AUX_P0_V1,文曲,寅,陷,SRC-WS-QUANSHU-001,P0辅煞状态。
QUANSHU_AUX_P0_V1,文曲,卯,旺,SRC-WS-QUANSHU-001,P0辅煞状态。
QUANSHU_AUX_P0_V1,文曲,辰,得地,SRC-WS-QUANSHU-001,P0辅煞状态。
QUANSHU_AUX_P0_V1,文曲,巳,庙,SRC-WS-QUANSHU-001,P0辅煞状态。
QUANSHU_AUX_P0_V1,文曲,午,陷,SRC-WS-QUANSHU-001,P0辅煞状态。
QUANSHU_AUX_P0_V1,文曲,未,旺,SRC-WS-QUANSHU-001,P0辅煞状态。
QUANSHU_AUX_P0_V1,文曲,申,得地,SRC-WS-QUANSHU-001,P0辅煞状态。
QUANSHU_AUX_P0_V1,文曲,酉,庙,SRC-WS-QUANSHU-001,P0辅煞状态。
QUANSHU_AUX_P0_V1,文曲,戌,陷,SRC-WS-QUANSHU-001,P0辅煞状态。
QUANSHU_AUX_P0_V1,文曲,亥,旺,SRC-WS-QUANSHU-001,P0辅煞状态。
QUANSHU_AUX_P0_V1,禄存,子,庙,SRC-WS-QUANSHU-001,P0辅煞状态。
QUANSHU_AUX_P0_V1,禄存,丑,庙,SRC-WS-QUANSHU-001,P0辅煞状态。
QUANSHU_AUX_P0_V1,禄存,寅,庙,SRC-WS-QUANSHU-001,P0辅煞状态。
QUANSHU_AUX_P0_V1,禄存,卯,庙,SRC-WS-QUANSHU-001,P0辅煞状态。
QUANSHU_AUX_P0_V1,禄存,辰,庙,SRC-WS-QUANSHU-001,P0辅煞状态。
QUANSHU_AUX_P0_V1,禄存,巳,庙,SRC-WS-QUANSHU-001,P0辅煞状态。
QUANSHU_AUX_P0_V1,禄存,午,庙,SRC-WS-QUANSHU-001,P0辅煞状态。
QUANSHU_AUX_P0_V1,禄存,未,庙,SRC-WS-QUANSHU-001,P0辅煞状态。
QUANSHU_AUX_P0_V1,禄存,申,庙,SRC-WS-QUANSHU-001,P0辅煞状态。
QUANSHU_AUX_P0_V1,禄存,酉,庙,SRC-WS-QUANSHU-001,P0辅煞状态。
QUANSHU_AUX_P0_V1,禄存,戌,庙,SRC-WS-QUANSHU-001,P0辅煞状态。
QUANSHU_AUX_P0_V1,禄存,亥,庙,SRC-WS-QUANSHU-001,P0辅煞状态。
QUANSHU_AUX_P0_V1,擎羊,子,陷,SRC-WS-QUANSHU-001,P0辅煞状态。
QUANSHU_AUX_P0_V1,擎羊,丑,庙,SRC-WS-QUANSHU-001,P0辅煞状态。
QUANSHU_AUX_P0_V1,擎羊,寅,未定,SRC-WS-QUANSHU-001,未定=当前来源未给出足够明确的状态，不做推断。
QUANSHU_AUX_P0_V1,擎羊,卯,陷,SRC-WS-QUANSHU-001,P0辅煞状态。
QUANSHU_AUX_P0_V1,擎羊,辰,庙,SRC-WS-QUANSHU-001,P0辅煞状态。
QUANSHU_AUX_P0_V1,擎羊,巳,未定,SRC-WS-QUANSHU-001,未定=当前来源未给出足够明确的状态，不做推断。
QUANSHU_AUX_P0_V1,擎羊,午,陷,SRC-WS-QUANSHU-001,P0辅煞状态。
QUANSHU_AUX_P0_V1,擎羊,未,庙,SRC-WS-QUANSHU-001,P0辅煞状态。
QUANSHU_AUX_P0_V1,擎羊,申,未定,SRC-WS-QUANSHU-001,未定=当前来源未给出足够明确的状态，不做推断。
QUANSHU_AUX_P0_V1,擎羊,酉,陷,SRC-WS-QUANSHU-001,P0辅煞状态。
QUANSHU_AUX_P0_V1,擎羊,戌,庙,SRC-WS-QUANSHU-001,P0辅煞状态。
QUANSHU_AUX_P0_V1,擎羊,亥,未定,SRC-WS-QUANSHU-001,未定=当前来源未给出足够明确的状态，不做推断。
QUANSHU_AUX_P0_V1,陀罗,子,未定,SRC-WS-QUANSHU-001,未定=当前来源未给出足够明确的状态，不做推断。
QUANSHU_AUX_P0_V1,陀罗,丑,庙,SRC-WS-QUANSHU-001,P0辅煞状态。
QUANSHU_AUX_P0_V1,陀罗,寅,陷,SRC-WS-QUANSHU-001,P0辅煞状态。
QUANSHU_AUX_P0_V1,陀罗,卯,未定,SRC-WS-QUANSHU-001,未定=当前来源未给出足够明确的状态，不做推断。
QUANSHU_AUX_P0_V1,陀罗,辰,庙,SRC-WS-QUANSHU-001,P0辅煞状态。
QUANSHU_AUX_P0_V1,陀罗,巳,陷,SRC-WS-QUANSHU-001,P0辅煞状态。
QUANSHU_AUX_P0_V1,陀罗,午,未定,SRC-WS-QUANSHU-001,未定=当前来源未给出足够明确的状态，不做推断。
QUANSHU_AUX_P0_V1,陀罗,未,庙,SRC-WS-QUANSHU-001,P0辅煞状态。
QUANSHU_AUX_P0_V1,陀罗,申,陷,SRC-WS-QUANSHU-001,P0辅煞状态。
QUANSHU_AUX_P0_V1,陀罗,酉,未定,SRC-WS-QUANSHU-001,未定=当前来源未给出足够明确的状态，不做推断。
QUANSHU_AUX_P0_V1,陀罗,戌,庙,SRC-WS-QUANSHU-001,P0辅煞状态。
QUANSHU_AUX_P0_V1,陀罗,亥,陷,SRC-WS-QUANSHU-001,P0辅煞状态。
QUANSHU_AUX_P0_V1,火星,子,陷,SRC-WS-QUANSHU-001,P0辅煞状态。
QUANSHU_AUX_P0_V1,火星,丑,得地,SRC-WS-QUANSHU-001,P0辅煞状态。
QUANSHU_AUX_P0_V1,火星,寅,庙,SRC-WS-QUANSHU-001,P0辅煞状态。
QUANSHU_AUX_P0_V1,火星,卯,未定,SRC-WS-QUANSHU-001,未定=当前来源未给出足够明确的状态，不做推断。
QUANSHU_AUX_P0_V1,火星,辰,陷,SRC-WS-QUANSHU-001,P0辅煞状态。
QUANSHU_AUX_P0_V1,火星,巳,得地,SRC-WS-QUANSHU-001,P0辅煞状态。
QUANSHU_AUX_P0_V1,火星,午,庙,SRC-WS-QUANSHU-001,P0辅煞状态。
QUANSHU_AUX_P0_V1,火星,未,未定,SRC-WS-QUANSHU-001,未定=当前来源未给出足够明确的状态，不做推断。
QUANSHU_AUX_P0_V1,火星,申,陷,SRC-WS-QUANSHU-001,P0辅煞状态。
QUANSHU_AUX_P0_V1,火星,酉,得地,SRC-WS-QUANSHU-001,P0辅煞状态。
QUANSHU_AUX_P0_V1,火星,戌,庙,SRC-WS-QUANSHU-001,P0辅煞状态。
QUANSHU_AUX_P0_V1,火星,亥,未定,SRC-WS-QUANSHU-001,未定=当前来源未给出足够明确的状态，不做推断。
QUANSHU_AUX_P0_V1,铃星,子,陷,SRC-WS-QUANSHU-001,P0辅煞状态。
QUANSHU_AUX_P0_V1,铃星,丑,得地,SRC-WS-QUANSHU-001,P0辅煞状态。
QUANSHU_AUX_P0_V1,铃星,寅,庙,SRC-WS-QUANSHU-001,P0辅煞状态。
QUANSHU_AUX_P0_V1,铃星,卯,未定,SRC-WS-QUANSHU-001,未定=当前来源未给出足够明确的状态，不做推断。
QUANSHU_AUX_P0_V1,铃星,辰,陷,SRC-WS-QUANSHU-001,P0辅煞状态。
QUANSHU_AUX_P0_V1,铃星,巳,得地,SRC-WS-QUANSHU-001,P0辅煞状态。
QUANSHU_AUX_P0_V1,铃星,午,庙,SRC-WS-QUANSHU-001,P0辅煞状态。
QUANSHU_AUX_P0_V1,铃星,未,未定,SRC-WS-QUANSHU-001,未定=当前来源未给出足够明确的状态，不做推断。
QUANSHU_AUX_P0_V1,铃星,申,陷,SRC-WS-QUANSHU-001,P0辅煞状态。
QUANSHU_AUX_P0_V1,铃星,酉,得地,SRC-WS-QUANSHU-001,P0辅煞状态。
QUANSHU_AUX_P0_V1,铃星,戌,庙,SRC-WS-QUANSHU-001,P0辅煞状态。
QUANSHU_AUX_P0_V1,铃星,亥,未定,SRC-WS-QUANSHU-001,未定=当前来源未给出足够明确的状态，不做推断。
