star_a,star_b,can_colocate,branch_groups,rule_policy
紫微,天机,false,,do_not_generate_same_palace_interaction
紫微,太阳,false,,do_not_generate_same_palace_interaction
紫微,武曲,false,,do_not_generate_same_palace_interaction
紫微,天同,false,,do_not_generate_same_palace_interaction
紫微,廉贞,false,,do_not_generate_same_palace_interaction
紫微,天府,true,寅申,use_colocation_rule
紫微,太阴,false,,do_not_generate_same_palace_interaction
紫微,贪狼,true,卯酉,use_colocation_rule
紫微,巨门,false,,do_not_generate_same_palace_interaction
紫微,天相,true,辰戌,use_colocation_rule
紫微,天梁,false,,do_not_generate_same_palace_interaction
紫微,七杀,true,巳亥,use_colocation_rule
紫微,破军,true,丑未,use_colocation_rule
天机,太阳,true,寅申,use_colocation_rule
天机,武曲,false,,do_not_generate_same_palace_interaction
天机,天同,false,,do_not_generate_same_palace_interaction
天机,廉贞,false,,do_not_generate_same_palace_interaction
天机,天府,false,,do_not_generate_same_palace_interaction
天机,太阴,false,,do_not_generate_same_palace_interaction
天机,贪狼,false,,do_not_generate_same_palace_interaction
天机,巨门,true,卯酉,use_colocation_rule
天机,天相,false,,do_not_generate_same_palace_interaction
天机,天梁,true,辰戌,use_colocation_rule
天机,七杀,false,,do_not_generate_same_palace_interaction
天机,破军,false,,do_not_generate_same_palace_interaction
太阳,武曲,false,,do_not_generate_same_palace_interaction
太阳,天同,false,,do_not_generate_same_palace_interaction
太阳,廉贞,false,,do_not_generate_same_palace_interaction
太阳,天府,false,,do_not_generate_same_palace_interaction
太阳,太阴,true,丑未,use_colocation_rule
太阳,贪狼,false,,do_not_generate_same_palace_interaction
太阳,巨门,true,寅申,use_colocation_rule
太阳,天相,false,,do_not_generate_same_palace_interaction
太阳,天梁,true,卯酉,use_colocation_rule
太阳,七杀,false,,do_not_generate_same_palace_interaction
太阳,破军,false,,do_not_generate_same_palace_interaction
武曲,天同,false,,do_not_generate_same_palace_interaction
武曲,廉贞,false,,do_not_generate_same_palace_interaction
武曲,天府,true,子午,use_colocation_rule
武曲,太阴,false,,do_not_generate_same_palace_interaction
武曲,贪狼,true,丑未,use_colocation_rule
武曲,巨门,false,,do_not_generate_same_palace_interaction
武曲,天相,true,寅申,use_colocation_rule
武曲,天梁,false,,do_not_generate_same_palace_interaction
武曲,七杀,true,卯酉,use_colocation_rule
武曲,破军,true,巳亥,use_colocation_rule
天同,廉贞,false,,do_not_generate_same_palace_interaction
天同,天府,false,,do_not_generate_same_palace_interaction
天同,太阴,true,子午,use_colocation_rule
天同,贪狼,false,,do_not_generate_same_palace_interaction
天同,巨门,true,丑未,use_colocation_rule
天同,天相,false,,do_not_generate_same_palace_interaction
天同,天梁,true,寅申,use_colocation_rule
天同,七杀,false,,do_not_generate_same_palace_interaction
天同,破军,false,,do_not_generate_same_palace_interaction
廉贞,天府,true,辰戌,use_colocation_rule
廉贞,太阴,false,,do_not_generate_same_palace_interaction
廉贞,贪狼,true,巳亥,use_colocation_rule
廉贞,巨门,false,,do_not_generate_same_palace_interaction
廉贞,天相,true,子午,use_colocation_rule
廉贞,天梁,false,,do_not_generate_same_palace_interaction
廉贞,七杀,true,丑未,use_colocation_rule
廉贞,破军,true,卯酉,use_colocation_rule
天府,太阴,false,,do_not_generate_same_palace_interaction
天府,贪狼,false,,do_not_generate_same_palace_interaction
天府,巨门,false,,do_not_generate_same_palace_interaction
天府,天相,false,,do_not_generate_same_palace_interaction
天府,天梁,false,,do_not_generate_same_palace_interaction
天府,七杀,false,,do_not_generate_same_palace_interaction
天府,破军,false,,do_not_generate_same_palace_interaction
太阴,贪狼,false,,do_not_generate_same_palace_interaction
太阴,巨门,false,,do_not_generate_same_palace_interaction
太阴,天相,false,,do_not_generate_same_palace_interaction
太阴,天梁,false,,do_not_generate_same_palace_interaction
太阴,七杀,false,,do_not_generate_same_palace_interaction
太阴,破军,false,,do_not_generate_same_palace_interaction
贪狼,巨门,false,,do_not_generate_same_palace_interaction
贪狼,天相,false,,do_not_generate_same_palace_interaction
贪狼,天梁,false,,do_not_generate_same_palace_interaction
贪狼,七杀,false,,do_not_generate_same_palace_interaction
贪狼,破军,false,,do_not_generate_same_palace_interaction
巨门,天相,false,,do_not_generate_same_palace_interaction
巨门,天梁,false,,do_not_generate_same_palace_interaction
巨门,七杀,false,,do_not_generate_same_palace_interaction
巨门,破军,false,,do_not_generate_same_palace_interaction
天相,天梁,false,,do_not_generate_same_palace_interaction
天相,七杀,false,,do_not_generate_same_palace_interaction
天相,破军,false,,do_not_generate_same_palace_interaction
天梁,七杀,false,,do_not_generate_same_palace_interaction
天梁,破军,false,,do_not_generate_same_palace_interaction
七杀,破军,false,,do_not_generate_same_palace_interaction
