colocation_id,branch_group,star_a,star_b,operator_id,modern_effect,source_id,source_status,evidence_type,confidence,status
CO-寅申-01,寅申,紫微,天府,reconfiguration,中心统筹与资源管理耦合，既要掌控方向，也要有稳定资源承接。,SRC-PROJECT-001,source_explicit,T+M,high,active
CO-寅申-02,寅申,天机,太阳,reconfiguration,规划调整与公开表达耦合，适合策略、策划、传播和把方案推向外部。,SRC-PROJECT-001,source_explicit,T+M,high,active
CO-寅申-03,寅申,太阳,巨门,reconfiguration,公开表达与辨析解释耦合，说明、辩论、传播能力增强，同时争论成本也会增加。,SRC-PROJECT-001,source_explicit,T+M,high,active
CO-寅申-04,寅申,武曲,天相,reconfiguration,执行与程序协调结合，适合经营、制度化执行和明确分工。,SRC-PROJECT-001,source_explicit,T+M,high,active
CO-寅申-05,寅申,天同,天梁,buffering,缓冲恢复与保护原则结合，增强稳定、照料和风险缓冲。,SRC-PROJECT-001,source_explicit,T+M,high,active
CO-卯酉-01,卯酉,紫微,贪狼,amplification,中心统筹与欲望扩张结合，开拓动力增强，也更需要控制目标膨胀。,SRC-PROJECT-001,source_explicit,T+M,high,active
CO-卯酉-02,卯酉,天机,巨门,reconfiguration,规划计算与辨析表达结合，适合分析、研究、沟通与论证，也增加信息摩擦。,SRC-PROJECT-001,source_explicit,T+M,high,active
CO-卯酉-03,卯酉,太阳,天梁,reconfiguration,公共角色与保护原则结合，强化责任、服务与领导倾向。,SRC-PROJECT-001,source_explicit,T+M,high,active
CO-卯酉-04,卯酉,武曲,七杀,amplification,执行与高压决断相互放大，行动快、抗压强，同时控制成本和冲突风险上升。,SRC-PROJECT-001,source_explicit,T+M,high,active
CO-卯酉-05,卯酉,廉贞,破军,reconfiguration,规则边界重设与拆旧重建结合，创新性强，但重做与破坏成本也高。,SRC-PROJECT-001,source_explicit,T+M,high,active
CO-辰戌-01,辰戌,紫微,天相,support,中心统筹获得程序、协调与秩序支持。,SRC-PROJECT-001,source_explicit,T+M,high,active
CO-辰戌-02,辰戌,天机,天梁,reconfiguration,策略调整与原则/保护结合，适合判断、顾问、制度与方案型任务。,SRC-PROJECT-001,source_explicit,T+M,high,active
CO-辰戌-03,辰戌,廉贞,天府,buffering,边界和欲望受到资源管理与稳定机制约束，提高可管理性。,SRC-PROJECT-001,source_explicit,T+M,high,active
CO-巳亥-01,巳亥,紫微,七杀,reconfiguration,中心化统筹与高压决断结合，适合复杂局面、危机处理和需要快速拍板的任务。,SRC-PROJECT-001,source_explicit,T+M,high,active
CO-巳亥-02,巳亥,武曲,破军,reconfiguration,执行与拆解重构结合，推进速度快，同时反复重做与资源消耗风险更高。,SRC-PROJECT-001,source_explicit,T+M,high,active
CO-巳亥-03,巳亥,廉贞,贪狼,amplification,规则边界、欲望与扩张相互放大，创造与社交动力强，也需要更强边界控制。,SRC-PROJECT-001,source_explicit,T+M,high,active
CO-丑未-01,丑未,紫微,破军,reconfiguration,统筹与重构结合，适合改造旧结构、项目重组与从0到1。,SRC-PROJECT-001,source_explicit,T+M,high,active
CO-丑未-02,丑未,太阳,太阴,reconfiguration,外显与内部积累并置，需要协调公开角色与内部安全/积累需求。,SRC-PROJECT-001,source_explicit,T+M,high,active
CO-丑未-03,丑未,武曲,贪狼,reconfiguration,结果执行与扩张欲望结合，资源获取动力强，波动与机会选择成本同步增加。,SRC-PROJECT-001,source_explicit,T+M,high,active
CO-丑未-04,丑未,天同,巨门,reconfiguration,缓冲协调与信息辨析结合，计划沟通能力增强，但争论会削弱舒适与稳定。,SRC-PROJECT-001,source_explicit,T+M,high,active
CO-丑未-05,丑未,廉贞,七杀,amplification,边界张力与高压决断结合，行动强，同时冲突、责任和风险成本上升。,SRC-PROJECT-001,source_explicit,T+M,high,active
CO-子午-01,子午,武曲,天府,support,执行获得资源库存与管理能力承接，有利于把成果转为稳定资源。,SRC-PROJECT-001,source_explicit,T+M,high,active
CO-子午-02,子午,天同,太阴,reconfiguration,缓冲恢复与内部积累结合，稳定、安全与舒适需求增强。,SRC-PROJECT-001,source_explicit,T+M,high,active
CO-子午-03,子午,廉贞,天相,reconfiguration,规则边界与程序协调结合，适合制度、管理、谈判和职责清晰的场景。,SRC-PROJECT-001,source_explicit,T+M,high,active
