star_id,category,modern_functions,tier,evidence_type
红鸾,relationship_signal,婚姻喜庆;关系吸引;情感事件提示,detail_only,T+M
天喜,relationship_signal,婚姻喜庆;关系正反馈;喜庆事件提示,detail_only,T+M
天姚,relationship_signal,吸引力;风流;社交魅力;情感刺激,detail_only,T+M
咸池,relationship_signal,桃花;感情牵动;欲望/社交刺激,detail_only,T+M
华盖,identity_signal,孤高;独立兴趣;文章/宗教/精神性,detail_only,T+M
破碎,friction,损耗;破损;完整性下降,detail_only,T+M
天哭,friction,情绪压力;是非;悲观反馈,detail_only,T+M
天虚,decoupling,虚耗;期待与现实落差;空转,detail_only,T+M
龙池,support,才艺;表达;福贵/口福象征,detail_only,T+M
凤阁,support,文雅;审美;表达;科甲象征,detail_only,T+M
孤辰,social_friction,独立;疏离;关系距离,detail_only,T+M
寡宿,social_friction,独处;疏离;情感距离,detail_only,T+M
天才,support,才能;学习/技能支持,detail_only,T+M
天寿,buffering,持久;恢复;延续性象征,detail_only,T+M
三台,support,组织层级;权力/资历辅助,detail_only,T+M
八座,support,科名;资历;组织辅助,detail_only,T+M
恩光,support,认可;恩惠;被看见,detail_only,T+M
天贵,support,提携;认可;身份/资格辅助,detail_only,T+M
台辅,support,组织/文书/执行辅助,detail_only,T+M
封诰,support,名分;认证;正式身份,detail_only,T+M
解神,buffering,缓解;解围;风险缓冲,detail_only,T+M
天巫,support,精神性;转化;迁升象征,detail_only,T+M
天月,health_detail,疾厄细化提示，不单独用于诊断,detail_only,T+M
阴煞,friction,隐性压力;不明朗因素,detail_only,T+M
