table_id,stem,lu_star,quan_star,ke_star,ji_star,source_id,school,status,notes
PROJECT_BOOK_V1,甲,廉贞,破军,武曲,太阳,SRC-PROJECT-001,项目人工校对资料口径,active,保留项目资料明确的庚：太阳禄、武曲权、天府科、天同忌；戊/壬OCR字形已按星名语境规范化。
PROJECT_BOOK_V1,乙,天机,天梁,紫微,太阴,SRC-PROJECT-001,项目人工校对资料口径,active,保留项目资料明确的庚：太阳禄、武曲权、天府科、天同忌；戊/壬OCR字形已按星名语境规范化。
PROJECT_BOOK_V1,丙,天同,天机,文昌,廉贞,SRC-PROJECT-001,项目人工校对资料口径,active,保留项目资料明确的庚：太阳禄、武曲权、天府科、天同忌；戊/壬OCR字形已按星名语境规范化。
PROJECT_BOOK_V1,丁,太阴,天同,天机,巨门,SRC-PROJECT-001,项目人工校对资料口径,active,保留项目资料明确的庚：太阳禄、武曲权、天府科、天同忌；戊/壬OCR字形已按星名语境规范化。
PROJECT_BOOK_V1,戊,贪狼,太阴,右弼,天机,SRC-PROJECT-001,项目人工校对资料口径,active,保留项目资料明确的庚：太阳禄、武曲权、天府科、天同忌；戊/壬OCR字形已按星名语境规范化。
PROJECT_BOOK_V1,己,武曲,贪狼,天梁,文曲,SRC-PROJECT-001,项目人工校对资料口径,active,保留项目资料明确的庚：太阳禄、武曲权、天府科、天同忌；戊/壬OCR字形已按星名语境规范化。
PROJECT_BOOK_V1,庚,太阳,武曲,天府,天同,SRC-PROJECT-001,项目人工校对资料口径,active,保留项目资料明确的庚：太阳禄、武曲权、天府科、天同忌；戊/壬OCR字形已按星名语境规范化。
PROJECT_BOOK_V1,辛,巨门,太阳,文曲,文昌,SRC-PROJECT-001,项目人工校对资料口径,active,保留项目资料明确的庚：太阳禄、武曲权、天府科、天同忌；戊/壬OCR字形已按星名语境规范化。
PROJECT_BOOK_V1,壬,天梁,紫微,左辅,武曲,SRC-PROJECT-001,项目人工校对资料口径,active,保留项目资料明确的庚：太阳禄、武曲权、天府科、天同忌；戊/壬OCR字形已按星名语境规范化。
PROJECT_BOOK_V1,癸,破军,巨门,太阴,贪狼,SRC-PROJECT-001,项目人工校对资料口径,active,保留项目资料明确的庚：太阳禄、武曲权、天府科、天同忌；戊/壬OCR字形已按星名语境规范化。
QUANJI_COMMON_V1,甲,廉贞,破军,武曲,太阳,SRC-WIKI-FOUR-001,《紫微斗数全集》常见口径,available,用于版本对照；庚与项目资料不同。
QUANJI_COMMON_V1,乙,天机,天梁,紫微,太阴,SRC-WIKI-FOUR-001,《紫微斗数全集》常见口径,available,用于版本对照；庚与项目资料不同。
QUANJI_COMMON_V1,丙,天同,天机,文昌,廉贞,SRC-WIKI-FOUR-001,《紫微斗数全集》常见口径,available,用于版本对照；庚与项目资料不同。
QUANJI_COMMON_V1,丁,太阴,天同,天机,巨门,SRC-WIKI-FOUR-001,《紫微斗数全集》常见口径,available,用于版本对照；庚与项目资料不同。
QUANJI_COMMON_V1,戊,贪狼,太阴,右弼,天机,SRC-WIKI-FOUR-001,《紫微斗数全集》常见口径,available,用于版本对照；庚与项目资料不同。
QUANJI_COMMON_V1,己,武曲,贪狼,天梁,文曲,SRC-WIKI-FOUR-001,《紫微斗数全集》常见口径,available,用于版本对照；庚与项目资料不同。
QUANJI_COMMON_V1,庚,太阳,武曲,太阴,天同,SRC-WIKI-FOUR-001,《紫微斗数全集》常见口径,available,用于版本对照；庚与项目资料不同。
QUANJI_COMMON_V1,辛,巨门,太阳,文曲,文昌,SRC-WIKI-FOUR-001,《紫微斗数全集》常见口径,available,用于版本对照；庚与项目资料不同。
QUANJI_COMMON_V1,壬,天梁,紫微,左辅,武曲,SRC-WIKI-FOUR-001,《紫微斗数全集》常见口径,available,用于版本对照；庚与项目资料不同。
QUANJI_COMMON_V1,癸,破军,巨门,太阴,贪狼,SRC-WIKI-FOUR-001,《紫微斗数全集》常见口径,available,用于版本对照；庚与项目资料不同。
QUANSHU_COMPARE_V1,甲,廉贞,破军,武曲,太阳,SRC-WIKI-FOUR-001,《紫微斗数全书》版本对照口径,experimental,公开版本对照常见庚/壬差异；不同底本仍需进一步校勘，不作为默认。
QUANSHU_COMPARE_V1,乙,天机,天梁,紫微,太阴,SRC-WIKI-FOUR-001,《紫微斗数全书》版本对照口径,experimental,公开版本对照常见庚/壬差异；不同底本仍需进一步校勘，不作为默认。
QUANSHU_COMPARE_V1,丙,天同,天机,文昌,廉贞,SRC-WIKI-FOUR-001,《紫微斗数全书》版本对照口径,experimental,公开版本对照常见庚/壬差异；不同底本仍需进一步校勘，不作为默认。
QUANSHU_COMPARE_V1,丁,太阴,天同,天机,巨门,SRC-WIKI-FOUR-001,《紫微斗数全书》版本对照口径,experimental,公开版本对照常见庚/壬差异；不同底本仍需进一步校勘，不作为默认。
QUANSHU_COMPARE_V1,戊,贪狼,太阴,右弼,天机,SRC-WIKI-FOUR-001,《紫微斗数全书》版本对照口径,experimental,公开版本对照常见庚/壬差异；不同底本仍需进一步校勘，不作为默认。
QUANSHU_COMPARE_V1,己,武曲,贪狼,天梁,文曲,SRC-WIKI-FOUR-001,《紫微斗数全书》版本对照口径,experimental,公开版本对照常见庚/壬差异；不同底本仍需进一步校勘，不作为默认。
QUANSHU_COMPARE_V1,庚,太阳,武曲,天同,太阴,SRC-WIKI-FOUR-001,《紫微斗数全书》版本对照口径,experimental,公开版本对照常见庚/壬差异；不同底本仍需进一步校勘，不作为默认。
QUANSHU_COMPARE_V1,辛,巨门,太阳,文曲,文昌,SRC-WIKI-FOUR-001,《紫微斗数全书》版本对照口径,experimental,公开版本对照常见庚/壬差异；不同底本仍需进一步校勘，不作为默认。
QUANSHU_COMPARE_V1,壬,天梁,紫微,天府,武曲,SRC-WIKI-FOUR-001,《紫微斗数全书》版本对照口径,experimental,公开版本对照常见庚/壬差异；不同底本仍需进一步校勘，不作为默认。
QUANSHU_COMPARE_V1,癸,破军,巨门,太阴,贪狼,SRC-WIKI-FOUR-001,《紫微斗数全书》版本对照口径,experimental,公开版本对照常见庚/壬差异；不同底本仍需进一步校勘，不作为默认。
