interaction_id,star_a,star_b,operator_id,effects_text,source_ids,confidence,status
INT-001,紫微,天府,reconfiguration,中心统筹与资源管理耦合；仍需辅弼/三方支持,SRC-PROJECT-001,high,active
INT-002,紫微,贪狼,amplification,中心统筹与欲望扩张耦合，动力增强，同时增加目标膨胀风险,SRC-PROJECT-001,medium,active
INT-003,紫微,天相,support,中心统筹获得程序、协调与秩序支持,SRC-PROJECT-001,high,active
INT-004,紫微,破军,reconfiguration,统筹与重构结合，适合改造旧结构；稳定性取决于支持条件,SRC-PROJECT-001,high,active
INT-005,紫微,七杀,reconfiguration,中心化决策与高压突破结合，危机处理能力增强,SRC-PROJECT-001,high,active
INT-006,紫微,文昌/文曲,support,统筹能力获得表达、知识与文书工具支持,SRC-PROJECT-001,high,active
INT-007,紫微,左辅/右弼,support,统筹获得协作与组织资源承接,SRC-PROJECT-001,high,active
INT-008,天机,太阴,reconfiguration,规划调整与内部积累/安全需求结合，思虑与计划性增强,SRC-PROJECT-001,medium,active
INT-009,天机,巨门,reconfiguration,规划计算与辨析表达结合，适合分析、沟通、辩论；也增信息摩擦,SRC-PROJECT-001,high,active
INT-010,天机,天梁,reconfiguration,策略调整与原则/保护结合，适合制度、判断、顾问型任务,SRC-PROJECT-001,high,active
INT-011,天机,文昌/文曲,support,规划能力获得学习、表达、文书工具,SRC-PROJECT-001,high,active
INT-012,太阳,太阴,reconfiguration,外显与内部积累并置；需看昼夜、庙旺与彼此强弱,SRC-PROJECT-001,high,active
INT-013,太阳,巨门,reconfiguration,公开表达与辨析沟通结合，可强化说明、辩论与公共表达，也增争论成本,SRC-PROJECT-001,high,active
INT-014,太阳,天梁,reconfiguration,公共角色与保护/原则结合，增强责任、领导与服务倾向,SRC-PROJECT-001,high,active
INT-015,武曲,天府,support,执行与资源管理结合，提高资源配置与管理稳定性,SRC-PROJECT-001,high,active
INT-016,武曲,贪狼,reconfiguration,结果执行与扩张欲望结合，资源获取动力增强，同时增加波动,SRC-PROJECT-001,high,active
INT-017,武曲,天相,reconfiguration,执行与程序协调结合，适合经营、制度化执行,SRC-PROJECT-001,high,active
INT-018,武曲,七杀,amplification,执行与高压决断相互放大，行动力强，控制成本同步上升,SRC-PROJECT-001,high,active
INT-019,武曲,破军,reconfiguration,执行与拆解重构结合，推进快但更易承受反复与挫折,SRC-PROJECT-001,high,active
INT-020,天同,太阴,reconfiguration,缓冲恢复与安全/内部积累结合，舒适与稳定需求增强,SRC-PROJECT-001,medium,active
INT-021,天同,巨门,reconfiguration,缓冲与信息辨析结合，计划/沟通能力增强，也可能因摩擦而削弱舒适性,SRC-PROJECT-001,high,active
INT-022,天同,天梁,buffering,恢复缓冲与保护原则结合，增强稳定、照料与风险缓冲,SRC-PROJECT-001,high,active
INT-023,廉贞,天府,buffering,边界/欲望受到资源管理与稳定机制约束，提升可管理性,SRC-PROJECT-001,high,active
INT-024,廉贞,贪狼,amplification,边界、欲望与扩张相互放大，创造/社交动力强，同时控制成本高,SRC-PROJECT-001,high,active
INT-025,廉贞,天相,reconfiguration,规则边界与程序协调结合，适合制度/管理场景,SRC-PROJECT-001,high,active
INT-026,廉贞,七杀,amplification,规则张力与高压决断结合，行动强、冲突与风险成本亦高,SRC-PROJECT-001,medium,active
INT-027,廉贞,破军,reconfiguration,边界重设与拆旧重建结合，创新性强但破坏/重做成本高,SRC-PROJECT-001,high,active
